video_path,leaf_id
data/videos/tiktok_search_Amusement_and_Theme_Parks_7476498916490349855.mp4,151
data/videos/tiktok_search_Amusement_and_Theme_Parks_7524506938613320974.mp4,151
data/videos/tiktok_search_Amusement_and_Theme_Parks_7537397037629771063.mp4,151
data/videos/tiktok_search_Amusement_and_Theme_Parks_7589877816066313502.mp4,151
data/videos/tiktok_search_Amusement_and_Theme_Parks_7623487062997519629.mp4,151
data/videos/tiktok_search_Amusement_and_Theme_Parks_7624915142609865998.mp4,151
data/videos/tiktok_search_Amusement_and_Theme_Parks_7626618755501624590.mp4,151
data/videos/tiktok_search_Amusement_and_Theme_Parks_7631747164963654925.mp4,151
data/videos/tiktok_search_Amusement_and_Theme_Parks_7632339256135994655.mp4,151
data/videos/tiktok_search_Amusement_and_Theme_Parks_7632448137579203854.mp4,151
data/videos/tiktok_search_Bars___resturants_7619851781132127508.mp4,179
data/videos/tiktok_search_Bars___resturants_7621712213622983966.mp4,179
data/videos/tiktok_search_Bars___resturants_7624394082822999309.mp4,179
data/videos/tiktok_search_Bars___resturants_7625822958744816927.mp4,179
data/videos/tiktok_search_Bars___resturants_7626166343783550222.mp4,179
data/videos/tiktok_search_Bars___resturants_7627575738341805342.mp4,179
data/videos/tiktok_search_Bars___resturants_7631268366174457110.mp4,179
data/videos/tiktok_search_Bars___resturants_7631307762588306719.mp4,179
data/videos/tiktok_search_Bars___resturants_7632356286754983181.mp4,179
data/videos/tiktok_search_Bars___resturants_7632422653864856862.mp4,179
data/videos/tiktok_search_Casinos___Gambling_7629481314676247838.mp4,181
data/videos/tiktok_search_Casinos___Gambling_7631074062340574495.mp4,181
data/videos/tiktok_search_Casinos___Gambling_7631302639631731982.mp4,181
data/videos/tiktok_search_Casinos___Gambling_7632000463658929421.mp4,181
data/videos/tiktok_search_Casinos___Gambling_7632086042249661710.mp4,181
data/videos/tiktok_search_Casinos___Gambling_7632410397789801759.mp4,181
data/videos/tiktok_search_Casinos___Gambling_7632410977648037134.mp4,181
data/videos/tiktok_search_Casinos___Gambling_7632440952149282062.mp4,181
data/videos/tiktok_search_Casinos___Gambling_7632448975131544834.mp4,181
data/videos/tiktok_search_Casinos___Gambling_7632482415570668814.mp4,181
data/videos/tiktok_search_Historic_Site_and_Landmark_Tours_7606327792220802317.mp4,153
data/videos/tiktok_search_Historic_Site_and_Landmark_Tours_7611564383759535390.mp4,153
data/videos/tiktok_search_Historic_Site_and_Landmark_Tours_7616057769963080973.mp4,153
data/videos/tiktok_search_Historic_Site_and_Landmark_Tours_7620186811641367821.mp4,153
data/videos/tiktok_search_Historic_Site_and_Landmark_Tours_7620225415398968598.mp4,153
data/videos/tiktok_search_Historic_Site_and_Landmark_Tours_7621918901177158943.mp4,153
data/videos/tiktok_search_Historic_Site_and_Landmark_Tours_7622299780869328141.mp4,153
data/videos/tiktok_search_Historic_Site_and_Landmark_Tours_7623955772614970638.mp4,153
data/videos/tiktok_search_Historic_Site_and_Landmark_Tours_7626145008994749727.mp4,153
data/videos/tiktok_search_Historic_Site_and_Landmark_Tours_7632399557808147742.mp4,153
